{"cameraMode":{"drawMode":0,"name":"Shaded","section":"Shading Mode"},"sceneLighting":true,"audioPlay":false,"sceneViewState":{"m_AlwaysRefresh":false,"showFog":true,"showSkybox":true,"showFlares":true,"showImageEffects":true,"showParticleSystems":true,"showVisualEffectGraphs":true,"m_FxEnabled":true},"in2DMode":false,"pivot":{"x":6.910800457000732,"y":-4.252411842346191,"z":12.934152603149414},"rotation":{"x":-0.17045558989048005,"y":-0.014192244037985802,"z":0.002455422654747963,"w":-0.9852617979049683},"size":28.372039794921876,"orthographic":false}