{"cameraMode":{"drawMode":0,"name":"Shaded","section":"Shading Mode"},"sceneLighting":false,"audioPlay":false,"sceneViewState":{"m_AlwaysRefresh":false,"showFog":true,"showSkybox":false,"showFlares":true,"showImageEffects":true,"showParticleSystems":true,"showVisualEffectGraphs":true,"m_FxEnabled":true},"in2DMode":false,"pivot":{"x":6.3460893630981449,"y":3.6886773109436037,"z":0.032464444637298587},"rotation":{"x":-0.09614548832178116,"y":0.018509704619646074,"z":-0.001797752920538187,"w":-0.9952133297920227},"size":1.5479567050933838,"orthographic":false}